Order_ID,Customer_Name,Order_Date,Delivery_Time_Min,Food_Item,Restaurant_Rating,Price,Payment_Method,Is_Repeated_Customer
OID1000,Cody Mitchell,2025-03-16,,Biryani,3,659.1,UPI,1
OID1001,Christy Robbins,2025-01-19,38.0,Pizza,4,304.98,Cash,0
OID1002,Teresa Bush,2025-04-21,46.0,Pizza,1,785.98,UPI,0
OID1003,Richard Stanley,2024-07-19,55.0,Biryani,3,521.32,UPI,1
OID1004,Tammie Scott,2025-05-24,37.0,Pasta,2,507.7,UPI,0
OID1005,John Swanson,not_a_date,37.0,Burger,2,623.65,Net Banking,0
OID1006,Eric Mcintyre,2024-12-24,55.0,Burger,1,eight hundred,Credit Card,1
OID1007,Luis Castaneda,2024-10-27,200.0,Burger,4,559.54,Cash,0
OID1008,Jeffrey Wilson,2025-02-03,35.0,Biryani,3,5000,Cash,1
OID1009,Tracy Oneal,2025-03-28,45.0,Pizza,4,336.79,Cash,0
OID1010,Michael Macias II,2024-09-05,35.0,Biryani,1,749.66,Wallet,0
OID1011,Roger Perry,2024-07-17,35.0,Biryani,3,257.23,Cash,0
OID1012,Debra Hardy,2024-10-01,42.0,Salad,3,360.52,Cash,0
OID1013,Aaron Carpenter,2024-11-05,20.0,Pizza,4,402.45,Credit Card,0
OID1014,David Powers,2024-11-14,22.0,Salad,3,407.58,Wallet,0
OID1015,Benjamin Williams,2025-03-03,34.0,Sushi,4,529.06,Wallet,0
OID1016,Thomas Stone,2024-09-29,29.0,Pizza,5,760.15,UPI,0
OID1017,Kimberly Ortiz,2025-02-23,43.0,Pizza,4,268.48,Net Banking,1
OID1018,Kenneth Kane,2024-09-11,30.0,Pizza,2,185.05,Wallet,1
OID1019,Betty Davidson,2024-11-25,25.0,Burger,1,238.23,Wallet,0
OID1020,Joseph Cooper,2025-06-06,54.0,Burger,5,720.85,Credit Card,0
OID1021,Mindy Holland,2025-06-05,37.0,Salad,1,552.07,Cash,1
OID1022,Mark Henry,2025-03-09,40.0,Salad,5,300.13,Wallet,0
OID1023,Casey Burnett,2025-05-13,25.0,Pizza,3,671.16,Wallet,0
OID1024,Tracy Palmer,2025-04-24,34.0,Salad,5,702.96,Net Banking,1
OID1025,Thomas Long,2024-07-23,41.0,Burger,4,692.56,Credit Card,0
OID1026,Allison Hayes,2024-07-07,28.0,Biryani,,743.25,Net Banking,0
OID1027,Daniel Wheeler,2024-12-22,43.0,Biryani,3,276.57,Wallet,1
OID1028,Kenneth Jacobson,2025-03-29,33.0,Biryani,4,628.53,Wallet,0
OID1029,Gwendolyn Moreno,2025-05-27,37.0,Salad,3,422.38,Credit Card,0
OID1030,Steven Harris,2024-07-03,33.0,Sushi,3,689.4,UPI,1
OID1031,Brent Hayes,2024-12-13,58.0,Burger,4,609.94,UPI,0
OID1032,Brittany Morris,2024-09-29,,Sushi,5,643.51,Wallet,1
OID1033,Victoria Hernandez,2024-12-12,29.0,Salad,,559.31,Wallet,0
OID1034,Eric Myers,2024-07-09,48.0,Pasta,4,224.2,Net Banking,0
OID1035,Holly Riddle,2024-11-16,27.0,Tacos,3,481.52,Net Banking,1
OID1036,Christina Murphy,2024-09-14,42.0,Tacos,3,,Net Banking,1
OID1037,Jeffrey Johnson,2024-09-22,20.0,Pizza,4,756.17,Cash,0
OID1038,Christina Gibson,2024-08-15,26.0,Tacos,2,130.22,Wallet,1
OID1039,Julia Horn,2025-03-28,41.0,Tacos,2,215.37,Cash,1
OID1040,Philip West,2025-05-15,47.0,Burger,3,192.21,UPI,0
OID1041,Audrey Adams,2024-10-18,41.0,Biryani,2,608.19,Wallet,0
OID1042,Samuel Rodriguez,2024-09-29,38.0,Sushi,2,672.45,Wallet,0
OID1043,Thomas Christian,2025-03-08,36.0,Pasta,2,249.46,Credit Card,1
OID1044,Leslie Bailey,2025-03-18,25.0,Pasta,1,454.1,Wallet,1
OID1045,Jason Nelson,2025-03-05,32.0,Burger,1,688.49,UPI,1
OID1046,Lori Wilson,2024-08-29,35.0,Burger,,612.96,Wallet,1
OID1047,Brian Zhang,2024-06-19,50.0,Tacos,3,479.57,Cash,0
OID1048,Kara Cole,2024-09-02,43.0,Pasta,3,513.24,Wallet,1
OID1049,Garrett Petersen,2024-09-09,22.0,Pizza,4,455.85,Cash,0
OID1050,Julia Martin,2025-02-10,43.0,Pizza,2,308.28,Net Banking,1
OID1051,Michael Ortiz,2024-12-16,36.0,Sushi,5,,Net Banking,0
OID1052,James Holt,2024-06-24,33.0,Pizza,4,,Credit Card,0
OID1053,Amanda Green,2025-04-20,46.0,Pasta,1,711.33,Wallet,0
OID1054,Alyssa Pena,2024-09-13,50.0,Tacos,3,545.4,Net Banking,1
OID1055,William Carr,2025-03-24,49.0,Pasta,5,632.79,Net Banking,0
OID1056,Ian Watts,2024-06-24,31.0,Salad,5,212.05,Credit Card,0
OID1057,James Smith,2024-11-29,36.0,Pasta,3,423.09,Credit Card,1
OID1058,Sherry Garcia,2024-07-07,43.0,Tacos,4,106.53,Wallet,0
OID1059,Tyrone Mcneil,2024-07-20,49.0,Pizza,2,272.68,Cash,1
OID1060,Michael Phillips,2025-03-07,35.0,Biryani,,608.52,Wallet,1
OID1061,Joe Miller,2024-06-19,38.0,Sushi,2,794.27,Cash,0
OID1062,John Lewis,2025-01-01,28.0,Salad,5,169.42,Credit Card,0
OID1063,Grace Ray,2025-04-17,28.0,Pizza,4,381.05,UPI,1
OID1064,Jason Sanders,2025-03-20,48.0,Sushi,4,660.05,Wallet,0
OID1065,Ms. Kayla Bryant,2024-07-20,53.0,Pizza,3,242.82,UPI,1
OID1066,Katie Blevins,2024-10-31,,Salad,2,488.56,Cash,1
OID1067,Michael Henderson,2024-07-16,50.0,Pasta,2,613.15,Wallet,1
OID1068,Kimberly Allen,2025-06-04,43.0,Tacos,2,531.19,UPI,0
OID1069,Micheal Bell,2024-09-05,33.0,Biryani,2,231.62,UPI,1
OID1070,Douglas Jackson,2025-01-17,43.0,Salad,4,348.77,Wallet,0
OID1071,Christine Brown,2024-10-11,55.0,Tacos,3,648.65,UPI,0
OID1072,Grant Quinn,2024-08-28,39.0,Pasta,1,487.96,Wallet,0
OID1073,Robert Thompson,2025-04-15,55.0,Salad,,103.66,UPI,0
OID1074,George Jones,2024-09-27,13.0,Burger,5,632.69,Credit Card,1
OID1075,Stephanie Marks,2024-06-30,48.0,Biryani,5,124.72,Wallet,0
OID1076,Scott Rose,2025-01-03,40.0,Pizza,,622.01,Credit Card,1
OID1077,Joseph Campbell,2024-10-19,,Pizza,2,241.74,Net Banking,1
OID1078,Teresa Patrick,2025-06-03,40.0,Biryani,3,770.65,Credit Card,0
OID1079,Franklin Burton,2025-03-28,,Burger,4,357.56,UPI,1
OID1080,Anna Lowe,2024-10-19,37.0,Tacos,4,328.85,Cash,1
OID1081,Amanda Miller,2024-11-21,43.0,Pasta,2,204.22,Credit Card,0
OID1082,Zachary Snyder,2024-06-19,54.0,Pizza,4,313.92,Credit Card,1
OID1083,April Allen,2025-03-12,34.0,Tacos,2,713.66,Credit Card,1
OID1084,Riley Jones,2024-09-28,,Burger,2,797.43,Cash,1
OID1085,Juan Le,2025-01-21,34.0,Tacos,3,357.82,Cash,1
OID1086,Troy Jackson,2024-09-28,49.0,Pizza,3,414.03,Credit Card,0
OID1087,Mindy Washington,2024-06-17,43.0,Sushi,3,605.45,Net Banking,1
OID1088,Amanda Avila,2024-09-25,34.0,Pasta,1,720.34,Cash,1
OID1089,Samuel Gibson,2024-10-03,45.0,Sushi,5,515.13,Cash,1
OID1090,Heather Smith,2025-03-13,40.0,Biryani,2,374.07,Cash,1
OID1091,Connie Scott,2025-06-01,49.0,Tacos,2,388.84,Wallet,0
OID1092,William Barnett,2024-07-01,32.0,Pasta,5,586.93,Credit Card,1
OID1093,James Welch,2025-02-02,36.0,Burger,,102.25,Net Banking,0
OID1094,Evan Chapman,2025-04-22,36.0,Pasta,5,533.71,Cash,1
OID1095,Joel Nguyen,2024-12-21,25.0,Pasta,4,348.85,Wallet,0
OID1096,Audrey Parrish,2024-06-27,42.0,Burger,4,,UPI,0
OID1097,Katherine Long,2025-05-23,42.0,Biryani,3,165.09,UPI,0
OID1098,Beth Thompson,2024-10-11,40.0,Pasta,1,511.74,Cash,0
OID1099,Danielle Keller,2024-10-13,37.0,Biryani,3,436.68,Net Banking,0
OID1100,Kaylee Taylor,2025-03-20,25.0,Biryani,3,549.63,Net Banking,1
OID1101,David Garcia,2024-12-12,35.0,Biryani,2,,Credit Card,1
OID1102,Elizabeth Smith,2024-09-20,36.0,Pizza,4,505.99,Cash,1
OID1103,Luis Collier,2024-11-12,31.0,Salad,3,493.04,UPI,0
OID1104,John Wilson,2025-02-10,38.0,Biryani,1,492.46,Credit Card,1
OID1105,Jennifer Rojas,2024-12-16,44.0,Burger,2,522.44,Net Banking,0
OID1106,Cheryl Daniel,2024-11-12,58.0,Salad,4,573.53,Credit Card,0
OID1107,Sharon Fernandez,2025-05-02,41.0,Biryani,1,663.49,UPI,1
OID1108,Brian Charles,2025-01-24,42.0,Burger,5,288.87,Net Banking,1
OID1109,Joshua Howard,2024-09-22,39.0,Burger,3,677.53,Wallet,0
OID1110,Mark Ward,2025-03-07,20.0,Sushi,3,448.78,Wallet,0
OID1111,Antonio Matthews,2024-12-30,39.0,Sushi,3,153.94,Cash,1
OID1112,Kevin Young,2024-07-20,40.0,Pasta,4,140.99,Credit Card,1
OID1113,Tony Allen,2024-07-16,64.0,Biryani,3,,Net Banking,1
OID1114,Joseph Ryan DDS,2025-05-24,38.0,Biryani,4,649.43,Cash,1
OID1115,Nicole Nelson,2025-03-24,43.0,Salad,3,595.38,Credit Card,0
OID1116,Lynn Montgomery,2025-05-26,39.0,Burger,2,652.03,UPI,1
OID1117,Barbara Gross,2024-12-28,28.0,Biryani,5,462.09,Net Banking,1
OID1118,Patricia Lynn,2025-04-09,51.0,Pasta,4,408.14,Credit Card,1
OID1119,Mr. Glenn Gomez,2025-03-30,47.0,Tacos,4,203.22,Net Banking,0
OID1120,Joshua Vasquez,2024-07-21,47.0,Tacos,5,329.73,Credit Card,0
OID1121,Jennifer Martinez,2024-07-02,30.0,Tacos,5,403.81,UPI,0
OID1122,Kevin Chen,2024-12-31,54.0,Pizza,4,162.02,Net Banking,0
OID1123,Michaela King DDS,2025-03-23,25.0,Burger,4,254.43,Wallet,1
OID1124,Jose Thomas,2025-02-09,45.0,Tacos,4,518.76,UPI,0
OID1125,Cindy Smith,2025-01-01,61.0,Pizza,4,614.96,Credit Card,1
OID1126,Sarah Rice,2024-12-22,30.0,Tacos,4,798.84,Net Banking,1
OID1127,David Moore DDS,2025-05-05,34.0,Pasta,4,753.18,UPI,1
OID1128,Amber Ross,2025-05-19,40.0,Sushi,2,549.8,Credit Card,1
OID1129,Pamela Smith,2024-09-18,34.0,Pasta,5,394.87,Wallet,0
OID1130,Erin Fox,2025-03-14,24.0,Pizza,5,545.32,Wallet,0
OID1131,Julie Ramos,2024-11-19,40.0,Burger,1,649.96,Credit Card,0
OID1132,Brandon Turner,2024-10-12,29.0,Salad,4,182.84,Wallet,1
OID1133,Edward Anderson,2024-08-31,44.0,Biryani,2,386.93,UPI,1
OID1134,Mrs. Megan Cox,2025-03-20,30.0,Pasta,3,687.86,Wallet,1
OID1135,Mario Jones,2025-03-01,55.0,Burger,4,368.68,Cash,1
OID1136,Jennifer Schneider,2024-10-16,32.0,Biryani,2,500.31,Wallet,1
OID1137,Thomas Bell,2024-09-21,36.0,Sushi,4,511.44,Cash,0
OID1138,Amanda Simpson,2024-08-02,48.0,Sushi,4,229.13,Net Banking,1
OID1139,Allison Williams PhD,2024-08-07,27.0,Biryani,3,353.56,UPI,0
OID1140,James Sellers,2025-05-10,42.0,Sushi,1,334.16,Net Banking,1
OID1141,Jacob Powell,2025-01-10,53.0,Burger,2,118.34,Net Banking,1
OID1142,Kristen Bond,2024-09-21,23.0,Pasta,4,116.93,Wallet,0
OID1143,Nichole Tanner,2024-09-25,41.0,Burger,,682.19,Wallet,0
OID1144,Amanda Moody,2025-05-21,42.0,Burger,4,291.15,Wallet,1
OID1145,Scott Mahoney,2025-05-27,47.0,Biryani,2,462.66,Net Banking,1
OID1146,Michael Allen,2024-10-15,27.0,Salad,4,309.11,UPI,1
OID1147,Taylor Dennis,2025-01-30,26.0,Salad,3,758.48,UPI,1
OID1148,Samuel Rodriguez,2024-06-13,45.0,Pasta,4,281.51,Cash,0
OID1149,Mitchell Scott,2024-12-02,42.0,Biryani,2,400.76,Credit Card,1
OID1150,Donald Hamilton,2024-07-22,42.0,Salad,4,710.91,UPI,0
OID1151,Javier Moreno,2024-09-26,43.0,Sushi,3,689.35,Wallet,1
OID1152,Kelly Perkins,2025-05-19,33.0,Salad,,230.27,Cash,0
OID1153,Karen Norris,2025-01-30,42.0,Sushi,3,661.85,Wallet,0
OID1154,Jason Roberts,2025-04-07,42.0,Pasta,4,420.73,Net Banking,1
OID1155,Dale Carpenter,2024-12-05,32.0,Burger,5,438.08,Net Banking,0
OID1156,Judith Ponce,2024-08-08,,Burger,2,193.44,Wallet,1
OID1157,Miguel Park,2025-05-03,44.0,Salad,5,156.42,UPI,0
OID1158,Eddie Hicks,2024-10-16,28.0,Sushi,4,609.56,Credit Card,1
OID1159,Julie Strickland,2025-04-25,46.0,Pizza,1,447.52,Wallet,0
OID1160,Robert Powell,2024-11-18,30.0,Tacos,3,,UPI,1
OID1161,Ricky Meyer,2024-12-24,47.0,Pizza,4,610.66,Cash,1
OID1162,Kristen Bennett,2025-04-16,51.0,Tacos,1,635.86,Wallet,0
OID1163,Melanie Lawrence,2024-11-19,31.0,Pizza,3,211.24,Cash,0
OID1164,Madison Williams,2024-11-01,49.0,Burger,3,527.16,UPI,0
OID1165,David Sanchez,2024-11-18,44.0,Biryani,4,194.75,UPI,0
OID1166,Adam Mcpherson,2025-04-12,48.0,Burger,1,625.96,UPI,1
OID1167,Eric Clark,2025-02-03,58.0,Tacos,5,559.87,UPI,0
OID1168,Ryan Bishop,2024-09-01,37.0,Biryani,,769.63,Net Banking,1
OID1169,Brian White,2024-12-28,32.0,Sushi,,148.27,UPI,0
OID1170,Judith Beard,2025-03-30,31.0,Salad,4,139.94,Net Banking,1
OID1171,Jose Murphy,2024-09-10,31.0,Pizza,2,297.53,Credit Card,1
OID1172,Maria Kaufman,2024-09-25,39.0,Sushi,4,283.19,Net Banking,1
OID1173,Brian Hughes,2024-06-21,43.0,Sushi,1,272.89,Cash,1
OID1174,Benjamin Lee,2025-06-02,42.0,Salad,1,734.38,Credit Card,0
OID1175,April Brennan,2025-04-08,48.0,Sushi,3,274.68,Cash,0
OID1176,Kylie Smith,2025-05-02,40.0,Salad,3,290.36,Wallet,1
OID1177,Maxwell Sanders,2024-07-24,54.0,Pasta,4,631.58,Wallet,0
OID1178,Joy Hernandez,2024-06-23,37.0,Salad,4,414.82,Net Banking,0
OID1179,Zachary Porter,2025-01-26,67.0,Tacos,3,643.7,Cash,1
OID1180,Ryan Dennis,2024-10-07,46.0,Pizza,2,145.76,Wallet,0
OID1181,Christopher Lyons,2025-05-13,31.0,Biryani,,441.3,Wallet,0
OID1182,Tyler Jackson,2024-12-23,29.0,Biryani,3,123.53,Wallet,0
OID1183,Dale Mccormick,2025-02-23,,Pizza,3,143.86,Credit Card,1
OID1184,Carrie Hernandez,2024-12-07,37.0,Biryani,2,734.51,Credit Card,0
OID1185,James Burton,2024-09-20,47.0,Salad,4,197.47,UPI,1
OID1186,Seth Johnson,2024-11-08,44.0,Tacos,4,472.69,Cash,0
OID1187,Amy Underwood,2025-01-13,39.0,Pasta,2,387.77,Wallet,0
OID1188,Morgan Reyes,2025-05-20,31.0,Tacos,1,343.14,Cash,0
OID1189,Elizabeth Parks,2025-05-18,24.0,Biryani,4,729.88,UPI,1
OID1190,Ruth Chandler,2024-07-01,35.0,Pasta,4,115.28,Net Banking,1
OID1191,Ryan Franco,2024-10-04,48.0,Pizza,2,564.65,UPI,0
OID1192,Nicholas Evans,2024-07-04,42.0,Pasta,,774.38,Wallet,1
OID1193,Debbie Gutierrez,2024-09-01,27.0,Sushi,2,492.12,Net Banking,0
OID1194,Daniel Campbell,2025-06-07,41.0,Burger,3,755.78,Net Banking,1
OID1195,Javier Wilkins,2024-09-12,43.0,Sushi,5,136.58,UPI,1
OID1196,Catherine Moore,2025-03-12,31.0,Pizza,3,393.16,Wallet,0
OID1197,Sarah Guzman DDS,2024-10-24,41.0,Biryani,4,,Net Banking,0
OID1198,Matthew Robinson,2024-08-21,40.0,Biryani,3,611.57,UPI,0
OID1199,Daniel Grant,2024-11-19,28.0,Pasta,2,786.91,UPI,0
OID1200,Sierra Gould,2024-10-11,43.0,Salad,,279.57,Wallet,1
OID1201,Nancy Herrera,2024-09-11,45.0,Tacos,3,557.92,UPI,1
OID1202,Robin Fitzpatrick,2024-12-19,50.0,Burger,5,238.67,UPI,1
OID1203,Adriana Davenport,2024-09-18,50.0,Salad,2,495.73,UPI,0
OID1204,Donna Adams,2024-12-31,26.0,Pizza,2,424.75,Cash,0
OID1205,David Butler,2024-09-14,30.0,Tacos,1,780.4,Credit Card,1
OID1206,Paula Payne,2025-04-30,45.0,Biryani,4,525.97,Cash,0
OID1207,Vanessa Flores,2024-12-16,45.0,Pasta,3,344.65,UPI,1
OID1208,David Fernandez,2025-04-24,45.0,Tacos,5,179.87,Credit Card,1
OID1209,Mrs. Maria Bell DVM,2024-10-19,78.0,Biryani,3,205.87,Net Banking,1
OID1210,April Carr,2024-06-27,45.0,Salad,,257.72,Cash,1
OID1211,George Cruz,2024-09-16,51.0,Salad,2,275.68,Cash,1
OID1212,Jared Conley,2025-02-04,49.0,Burger,5,695.43,Cash,0
OID1213,Devon Smith,2024-11-14,46.0,Burger,4,492.86,Wallet,0
OID1214,Michelle Ferrell,2024-09-19,36.0,Pasta,4,466.37,UPI,0
OID1215,Joseph Campbell,2024-07-27,47.0,Tacos,4,180.34,Net Banking,1
OID1216,Derrick Schneider,2025-06-04,32.0,Burger,4,702.1,Net Banking,1
OID1217,George Deleon,2024-12-03,37.0,Salad,4,605.97,Net Banking,1
OID1218,Justin Bell,2025-05-15,35.0,Tacos,2,147.37,UPI,1
OID1219,Kyle Mcdonald,2025-05-07,40.0,Salad,1,595.48,Credit Card,0
OID1220,Timothy Nelson,2025-03-25,63.0,Pizza,5,480.48,Cash,0
OID1221,Andrew Buchanan,2025-03-04,21.0,Salad,4,157.21,UPI,1
OID1222,Christopher Simmons,2025-05-17,46.0,Pasta,4,420.81,Cash,1
OID1223,Dennis Gomez,2024-10-15,23.0,Sushi,3,439.29,UPI,1
OID1224,Justin Brown,2024-11-05,35.0,Pizza,2,216.04,Cash,0
OID1225,George Jenkins,2024-10-14,50.0,Pizza,2,761.99,UPI,0
OID1226,Mary Long,2025-03-08,40.0,Pasta,4,694.98,Credit Card,0
OID1227,Sarah Perry,2025-04-03,29.0,Tacos,3,568.32,Net Banking,1
OID1228,Christine Osborn,2024-10-24,32.0,Tacos,2,423.61,Cash,1
OID1229,Christine Lewis,2025-01-08,46.0,Pasta,3,388.24,UPI,0
OID1230,Mr. Mike Hill,2025-03-08,32.0,Burger,1,555.68,Credit Card,1
OID1231,Walter Ramos,2025-04-03,42.0,Pizza,3,481.8,Credit Card,0
OID1232,Sandra Harris,2024-06-22,40.0,Burger,2,143.59,Net Banking,1
OID1233,Christopher Miller,2024-12-23,33.0,Salad,4,458.75,UPI,0
OID1234,David Walker,2025-06-05,61.0,Pizza,3,664.48,Cash,1
OID1235,Michael Harrison,2024-12-09,46.0,Pizza,3,421.47,Wallet,0
OID1236,Kevin Bowen,2024-09-07,19.0,Biryani,1,136.37,Credit Card,0
OID1237,Kevin Reynolds,2025-01-09,,Sushi,1,650.39,Credit Card,0
OID1238,Barbara Smith,2024-08-19,33.0,Tacos,3,240.95,Net Banking,0
OID1239,Kristina Burton,2024-10-27,48.0,Pizza,3,281.03,UPI,0
OID1240,Linda Clark,2024-12-28,32.0,Tacos,4,215.29,Wallet,0
OID1241,Margaret Miller,2025-05-12,38.0,Salad,2,331.15,Wallet,1
OID1242,Jeanette Lam,2024-11-21,45.0,Tacos,4,629.73,Wallet,1
OID1243,Luis Lopez,2024-09-29,48.0,Burger,5,463.57,UPI,1
OID1244,Dana Dickson,2024-09-29,27.0,Burger,4,243.42,Cash,0
OID1245,Daniel Wallace,2025-04-18,36.0,Biryani,1,714.48,Credit Card,0
OID1246,Crystal Byrd,2025-05-13,35.0,Sushi,3,715.71,UPI,1
OID1247,Michele Davis,2025-01-14,33.0,Salad,2,709.4,Wallet,0
OID1248,Briana Riley,2025-05-24,57.0,Burger,2,267.16,Credit Card,0
OID1249,Mark Chapman,2024-12-28,44.0,Pasta,,415.87,Credit Card,0
OID1250,Nathan Gutierrez,2024-08-22,27.0,Salad,2,789.49,Wallet,0
OID1251,Alyssa Montgomery,2025-02-21,49.0,Tacos,3,640.41,Wallet,0
OID1252,David Weiss,2025-05-14,61.0,Salad,4,119.02,Credit Card,1
OID1253,Thomas Bell,2024-12-23,50.0,Sushi,4,145.64,Net Banking,1
OID1254,Amanda Smith,2024-07-24,24.0,Burger,3,424.75,Credit Card,1
OID1255,Jasmine Martinez,2024-08-07,35.0,Salad,1,736.45,Cash,1
OID1256,Andrew White,2024-07-25,52.0,Tacos,3,477.09,Cash,1
OID1257,Rachel Jackson,2025-03-06,32.0,Biryani,3,448.47,Net Banking,0
OID1258,Michael Arnold,2025-03-27,44.0,Biryani,1,173.83,UPI,0
OID1259,Dorothy Patton,2024-08-27,47.0,Burger,3,559.75,Credit Card,0
OID1260,Katie Davis,2024-08-14,30.0,Biryani,1,675.47,Cash,0
OID1261,Carl Palmer,2025-02-13,39.0,Pasta,1,366.29,Credit Card,1
OID1262,Karen Rojas,2024-06-10,7.0,Sushi,3,642.93,Net Banking,1
OID1263,Luke Bennett,2024-06-26,29.0,Biryani,2,775.13,Wallet,1
OID1264,Mr. Barry Wilson,2024-06-29,37.0,Biryani,3,242.64,Net Banking,0
OID1265,Johnny Hunter,2024-11-17,27.0,Pasta,4,466.33,Net Banking,1
OID1266,Alex Vargas,2024-10-25,56.0,Sushi,4,301.0,Net Banking,0
OID1267,Christina Johnson,2025-05-15,25.0,Salad,2,655.0,Cash,1
OID1268,Brandy Harvey,2025-03-31,35.0,Sushi,2,504.32,Net Banking,1
OID1269,Danielle Cook,2024-07-15,41.0,Pizza,2,544.21,Wallet,0
OID1270,William Gilbert,2024-12-15,54.0,Burger,4,658.54,Wallet,0
OID1271,Bruce Zavala,2024-09-25,25.0,Burger,4,377.18,Wallet,1
OID1272,Thomas White,2025-02-24,51.0,Pizza,1,740.56,UPI,1
OID1273,Cheyenne Gross,2024-11-02,40.0,Pasta,5,473.12,Net Banking,0
OID1274,Scott Wright DDS,2024-10-28,30.0,Pizza,1,210.57,Wallet,1
OID1275,Marcus Frost,2025-02-16,44.0,Salad,3,587.13,UPI,1
OID1276,Dr. Deborah Farrell DDS,2025-04-05,41.0,Salad,4,655.28,Net Banking,0
OID1277,Anna Fischer,2024-06-26,33.0,Burger,5,321.73,Net Banking,1
OID1278,Elijah Allen,2024-12-22,40.0,Salad,4,700.03,Credit Card,0
OID1279,Hannah Smith,2025-05-17,36.0,Burger,4,734.3,Net Banking,1
OID1280,Matthew Hicks Jr.,2024-11-04,41.0,Pizza,3,293.83,Credit Card,0
OID1281,Heidi Erickson,2024-06-30,46.0,Pizza,4,788.47,Cash,1
OID1282,Angela Bailey,2025-06-08,55.0,Biryani,1,198.5,Cash,0
OID1283,Marc Campbell,2025-03-28,27.0,Biryani,5,241.41,UPI,1
OID1284,Alec Banks,2024-09-20,61.0,Pizza,3,228.96,Credit Card,0
OID1285,Andre Parsons,2024-09-17,20.0,Burger,4,725.79,Cash,1
OID1286,Diana Randall,2025-03-03,38.0,Pizza,3,558.0,Cash,1
OID1287,Dana Henry,2025-02-27,45.0,Pizza,4,206.47,Cash,1
OID1288,Theodore Collins,2024-12-05,42.0,Tacos,3,408.23,Net Banking,1
OID1289,Christopher Avila,2025-05-27,33.0,Pasta,4,530.71,Credit Card,1
OID1290,Shawn Eaton,2024-07-30,37.0,Pizza,1,158.42,Cash,1
OID1291,Sarah Williams,2024-06-16,35.0,Salad,1,717.69,Credit Card,1
OID1292,Allison Myers,2024-12-02,34.0,Burger,2,662.52,Wallet,1
OID1293,Jessica Dominguez,2025-03-21,48.0,Pasta,2,453.64,Wallet,1
OID1294,Mike Lucas,2025-04-15,43.0,Biryani,5,776.99,Net Banking,0
OID1295,Jeremy Wilson,2024-08-05,33.0,Sushi,2,392.43,Wallet,0
OID1296,Elizabeth Graham,2025-05-20,48.0,Burger,,788.88,UPI,1
OID1297,Jonathon Hughes,2025-03-27,,Salad,3,567.54,Credit Card,0
OID1298,Matthew Nicholson,2025-03-28,48.0,Burger,2,544.27,Cash,1
OID1299,Joseph Cantu,2025-06-08,46.0,Biryani,4,216.17,UPI,1
OID1300,James Vaughan,2025-03-13,31.0,Salad,4,717.35,UPI,0
OID1301,Steven Graham,2025-04-29,34.0,Salad,3,399.24,Wallet,1
OID1302,Bonnie French,2024-11-08,47.0,Sushi,3,213.56,Credit Card,1
OID1303,Cristian Baker,2024-07-14,46.0,Burger,4,108.83,Cash,0
OID1304,Amy Davis,2024-12-23,39.0,Tacos,2,491.83,UPI,0
OID1305,Curtis Berry,2025-03-24,,Sushi,,,Net Banking,1
OID1306,Carl Peters,2024-12-18,52.0,Tacos,,603.55,Cash,0
OID1307,John Ward,2025-05-01,34.0,Sushi,4,723.18,Wallet,0
OID1308,Jenny Murphy,2025-03-08,45.0,Burger,2,155.58,Credit Card,1
OID1309,Corey Clark,2025-02-04,37.0,Pizza,4,612.05,Net Banking,0
OID1310,Brianna Martinez,2025-05-30,37.0,Pizza,1,231.19,Cash,0
OID1311,Bradley Berger,2024-10-26,50.0,Biryani,1,700.72,Cash,1
OID1312,Stacey Burch,2024-10-30,48.0,Sushi,2,673.34,UPI,0
OID1313,David Luna,2025-04-14,48.0,Pasta,3,478.56,Cash,0
OID1314,Barry Palmer,2024-12-02,53.0,Sushi,5,597.17,Credit Card,1
OID1315,Michael Dodson,2024-11-15,40.0,Sushi,4,320.05,Credit Card,1
OID1316,Austin Stephens,2025-01-25,46.0,Sushi,4,429.82,Cash,1
OID1317,Casey Hicks,2025-03-09,36.0,Tacos,3,675.15,UPI,0
OID1318,Mary Tucker DVM,2024-11-30,43.0,Biryani,3,421.49,Net Banking,1
OID1319,John Hoffman,2024-08-18,38.0,Pizza,3,350.46,Net Banking,1
OID1320,Amy Mitchell,2025-02-25,40.0,Biryani,,445.95,UPI,0
OID1321,Julia Mason,2024-08-14,45.0,Biryani,1,679.77,Wallet,1
OID1322,Michael Smith,2024-06-25,31.0,Biryani,5,334.65,Credit Card,1
OID1323,Eric Long,2024-07-27,60.0,Pizza,3,221.63,Wallet,1
OID1324,Candace Salazar,2025-02-12,29.0,Pizza,3,598.41,UPI,1
OID1325,Rebecca Curry,2024-12-20,27.0,Sushi,4,,Wallet,0
OID1326,Andrew Gomez,2024-08-07,51.0,Biryani,3,170.45,UPI,1
OID1327,Casey Myers,2025-05-22,,Pasta,5,267.91,Net Banking,1
OID1328,Natalie Drake,2025-03-02,46.0,Tacos,5,199.38,Net Banking,0
OID1329,Mr. Jonathan Duncan,2025-04-08,46.0,Tacos,3,343.56,Wallet,1
OID1330,Jason Odom,2024-10-18,39.0,Pizza,2,415.25,Wallet,0
OID1331,Jason Mueller,2024-10-13,31.0,Burger,3,624.18,Credit Card,0
OID1332,Kathleen Cook,2025-02-04,40.0,Burger,5,,Net Banking,0
OID1333,Misty Martinez,2024-11-01,33.0,Burger,2,534.65,Credit Card,1
OID1334,Jeffrey Barber,2025-05-25,49.0,Salad,4,346.66,Wallet,0
OID1335,Natalie Mcmillan,2024-09-10,38.0,Sushi,4,689.01,UPI,0
OID1336,Alejandro Luna,2025-01-30,31.0,Burger,4,429.9,Net Banking,0
OID1337,Tammy Davis,2025-04-26,36.0,Sushi,2,785.37,UPI,1
OID1338,Alexander Nguyen,2025-02-01,44.0,Burger,4,543.9,Credit Card,1
OID1339,Eric Hunt,2024-08-10,34.0,Pasta,5,,Credit Card,1
OID1340,Cassidy Campos,2024-07-22,31.0,Sushi,2,573.32,Cash,1
OID1341,Bernard Vargas,2025-01-09,42.0,Burger,2,327.57,Net Banking,1
OID1342,Randy Walters,2024-12-15,42.0,Tacos,,580.43,Net Banking,1
OID1343,Amber Chaney,2024-09-24,34.0,Pizza,2,148.75,Credit Card,1
OID1344,Leslie Burnett,2024-08-31,35.0,Sushi,5,222.42,UPI,0
OID1345,William Brown,2025-06-10,42.0,Tacos,3,699.02,Net Banking,0
OID1346,Eric Williams,2025-05-08,25.0,Tacos,2,259.03,Credit Card,0
OID1347,Grace Wise,2024-07-26,25.0,Tacos,5,,Cash,0
OID1348,Daryl Mcdaniel,2025-04-20,32.0,Salad,3,295.49,Wallet,1
OID1349,Robert Garcia,2025-01-08,37.0,Pizza,3,550.02,Net Banking,0
OID1350,Monica Wilcox,2025-02-05,43.0,Pizza,3,585.91,Wallet,0
OID1351,Teresa Farrell,2024-11-30,54.0,Biryani,3,458.86,UPI,0
OID1352,Veronica Poole,2024-08-10,48.0,Salad,2,313.72,Cash,0
OID1353,Douglas Ross,2024-07-28,38.0,Tacos,3,248.85,Net Banking,1
OID1354,Michael Jackson,2025-04-22,39.0,Pizza,,123.23,Wallet,1
OID1355,David Brown,2025-06-01,,Pizza,2,312.76,Wallet,1
OID1356,Matthew Harrington,2024-10-09,39.0,Tacos,4,557.21,Credit Card,0
OID1357,Ashley Chapman,2024-07-29,37.0,Tacos,3,756.81,Wallet,1
OID1358,Rachel Adams,2024-08-07,43.0,Burger,4,709.84,UPI,0
OID1359,Nicole Chang,2025-04-02,31.0,Burger,2,636.25,Wallet,1
OID1360,Tyler Gillespie,2024-12-18,45.0,Sushi,,651.91,UPI,1
OID1361,Paul Rice,2025-01-16,55.0,Sushi,3,565.49,UPI,1
OID1362,Donna Park,2024-10-31,38.0,Sushi,2,282.2,Credit Card,1
OID1363,Sharon Flynn,2024-11-29,44.0,Burger,1,735.04,Cash,1
OID1364,Matthew Davis,2024-10-31,46.0,Tacos,2,569.51,UPI,0
OID1365,Amber Richardson,2024-08-13,35.0,Sushi,3,492.31,Wallet,1
OID1366,Mary Garcia,2024-09-01,42.0,Pizza,3,177.69,Wallet,0
OID1367,Linda Richardson,2025-03-24,40.0,Burger,4,412.94,UPI,0
OID1368,Jacob Rogers,2025-05-03,40.0,Sushi,3,422.25,Wallet,0
OID1369,George Wilson,2024-07-10,32.0,Pizza,2,705.19,Net Banking,0
OID1370,William Pacheco,2025-03-16,40.0,Sushi,4,482.65,Credit Card,0
OID1371,Travis Morgan,2025-02-10,44.0,Pasta,4,366.28,Wallet,1
OID1372,Ryan Flores,2024-11-19,54.0,Tacos,2,783.76,Credit Card,1
OID1373,Eddie Martin,2024-08-08,49.0,Tacos,2,177.5,UPI,1
OID1374,Wesley Jordan,2025-05-16,,Sushi,1,395.78,UPI,1
OID1375,Mr. Jeffrey Mitchell,2025-02-28,32.0,Pasta,4,129.42,UPI,0
OID1376,Eric Davis,2025-01-09,48.0,Sushi,4,617.93,Credit Card,1
OID1377,Dr. Kyle Murphy,2025-02-26,41.0,Biryani,3,742.65,Wallet,1
OID1378,Ronald Sosa,2024-11-22,61.0,Biryani,4,296.03,Net Banking,0
OID1379,Charles Cox,2025-05-09,31.0,Tacos,4,700.84,Credit Card,0
OID1380,Robin Mclean,2025-01-19,31.0,Salad,3,304.55,Net Banking,1
OID1381,Emily Wilkerson,2024-10-21,34.0,Biryani,5,737.54,Wallet,1
OID1382,Brian Davis,2024-08-07,18.0,Biryani,2,627.77,Wallet,0
OID1383,Joseph Moore,2025-04-24,34.0,Sushi,2,663.43,Credit Card,1
OID1384,Deanna Pearson,2025-02-13,32.0,Burger,2,112.6,Cash,1
OID1385,James Gregory,2024-12-02,41.0,Burger,1,773.97,Net Banking,1
OID1386,Tiffany Klein,2024-10-11,43.0,Pasta,3,608.67,UPI,1
OID1387,Allen Hayes,2024-10-21,58.0,Burger,5,313.33,Net Banking,0
OID1388,David Nielsen,2024-08-14,49.0,Pizza,1,680.58,Wallet,0
OID1389,Joseph Fox,2025-02-06,34.0,Salad,2,297.06,Wallet,0
OID1390,Shawn Johnson,2024-07-06,31.0,Biryani,3,710.93,Credit Card,1
OID1391,Brent Kennedy,2024-07-21,44.0,Salad,5,178.81,Cash,1
OID1392,Jennifer Davis,2024-10-12,26.0,Pizza,3,592.58,UPI,1
OID1393,Hayden Henderson,2024-08-21,58.0,Biryani,3,478.49,Net Banking,1
OID1394,Sheryl Lucas,2024-08-10,51.0,Pasta,1,167.57,Cash,1
OID1395,Jennifer Bailey,2024-07-27,35.0,Pizza,2,269.33,UPI,0
OID1396,Amber Baker,2024-07-23,22.0,Pizza,,108.68,Wallet,1
OID1397,Juan Coleman,2025-02-06,53.0,Salad,,428.14,Wallet,1
OID1398,Margaret Paul,2025-01-21,38.0,Sushi,1,310.89,Credit Card,0
OID1399,Brian Roy,2025-05-14,52.0,Salad,,518.85,Credit Card,1
OID1400,Travis Little,2024-08-28,24.0,Tacos,4,308.07,Net Banking,0
OID1401,Adam Morrow,2025-02-06,34.0,Salad,5,,Cash,0
OID1402,Richard Hunter,2024-09-10,40.0,Burger,3,620.24,Cash,0
OID1403,Regina Fischer,2025-04-22,40.0,Pizza,3,133.7,UPI,0
OID1404,Tracy Mooney,2024-08-05,35.0,Salad,3,732.03,Net Banking,0
OID1405,Annette Oconnor,2025-03-14,46.0,Pizza,4,696.58,Credit Card,1
OID1406,Kyle Davis,2025-03-25,29.0,Tacos,2,567.46,Net Banking,0
OID1407,Diane Moore,2024-10-25,38.0,Burger,1,515.26,Wallet,0
OID1408,Corey Hammond,2024-09-27,41.0,Pizza,3,724.61,Credit Card,1
OID1409,Stephanie House,2024-09-13,45.0,Salad,4,229.73,Cash,1
OID1410,Monica Gonzales,2024-09-07,47.0,Pizza,2,155.28,Credit Card,0
OID1411,Jacqueline Martinez,2024-11-09,28.0,Biryani,4,267.66,Wallet,1
OID1412,Charles Murphy,2025-01-08,24.0,Tacos,,656.2,Credit Card,1
OID1413,Erika Smith,2024-07-17,52.0,Burger,1,124.27,Cash,0
OID1414,Jordan White,2025-02-13,43.0,Sushi,4,507.96,Wallet,0
OID1415,Jason Johnston,2025-06-04,32.0,Pizza,3,796.81,UPI,1
OID1416,Ryan Walker,2024-09-18,55.0,Salad,5,698.99,Net Banking,0
OID1417,Alyssa Pruitt,2025-04-14,41.0,Burger,2,465.01,UPI,0
OID1418,Susan Alexander,2024-07-20,51.0,Salad,4,144.55,Wallet,1
OID1419,Steven Evans,2024-11-30,40.0,Salad,4,681.96,Wallet,0
OID1420,Anthony Farmer,2025-04-29,60.0,Pizza,5,519.28,Wallet,0
OID1421,Elizabeth Lee,2024-08-28,57.0,Salad,4,180.45,Cash,0
OID1422,Yvette Ortega,2024-07-11,37.0,Pizza,3,165.7,Wallet,0
OID1423,Daniel Price,2024-11-19,49.0,Sushi,4,736.74,Net Banking,0
OID1424,Lynn Cruz,2025-05-25,46.0,Biryani,5,568.44,Cash,1
OID1425,Chad Novak,2025-01-02,53.0,Salad,3,680.5,Wallet,1
OID1426,Kimberly Frost,2025-01-06,30.0,Salad,1,715.29,Cash,0
OID1427,Jodi Patel,2025-01-10,46.0,Salad,5,500.24,Net Banking,1
OID1428,Troy Griffin,2024-06-15,50.0,Pasta,4,462.21,Net Banking,0
OID1429,Benjamin Hardy,2024-08-01,22.0,Pasta,4,401.3,Cash,0
OID1430,Gabriel Taylor,2024-07-25,28.0,Burger,2,321.86,Credit Card,0
OID1431,Christopher Oneill,2024-11-05,19.0,Biryani,4,404.22,UPI,0
OID1432,Albert Green,2025-03-26,37.0,Biryani,3,641.72,Wallet,0
OID1433,Nicole Haley,2024-12-30,47.0,Pasta,4,521.35,UPI,1
OID1434,Henry Lin,2024-10-11,55.0,Burger,2,724.77,Net Banking,1
OID1435,Jennifer Bryan,2025-04-28,40.0,Pasta,4,410.37,UPI,0
OID1436,Miranda Parks,2024-12-23,56.0,Sushi,,524.96,Credit Card,1
OID1437,Rachel Carson,2025-01-06,,Burger,1,541.92,UPI,0
OID1438,Eugene Adams,2025-01-23,22.0,Biryani,,514.19,UPI,1
OID1439,Donald Harris,2025-01-08,39.0,Biryani,3,591.84,Net Banking,0
OID1440,Rebecca Hughes,2025-04-06,43.0,Pasta,5,266.2,Net Banking,1
OID1441,Jacob Reyes,2024-12-08,39.0,Sushi,4,458.65,Wallet,0
OID1442,David Russell,2024-12-29,19.0,Pasta,3,172.96,Cash,0
OID1443,Robert Lowery,2025-02-24,39.0,Tacos,4,369.16,Wallet,1
OID1444,Virginia Mckee,2024-12-02,26.0,Pizza,5,441.37,Net Banking,1
OID1445,Bobby Richardson,2025-03-26,46.0,Pizza,3,556.56,Wallet,0
OID1446,Jim Gonzalez,2025-01-18,43.0,Sushi,3,765.37,UPI,1
OID1447,Melissa Schmitt,2024-09-14,30.0,Salad,4,520.46,UPI,0
OID1448,Heather Zuniga,2025-04-18,34.0,Salad,4,620.52,Net Banking,1
OID1449,Laurie Hendricks,2025-01-25,29.0,Pizza,4,454.39,Net Banking,1
OID1450,Joseph Landry,2024-09-19,39.0,Pizza,4,543.87,Wallet,0
OID1451,Robert Byrd,2024-06-23,49.0,Salad,3,149.65,Wallet,1
OID1452,Felicia White,2024-06-20,30.0,Burger,4,278.07,UPI,1
OID1453,Susan Foley,2024-10-23,45.0,Salad,2,353.3,Cash,0
OID1454,Antonio Livingston,2025-03-10,34.0,Pasta,3,430.75,Cash,1
OID1455,Stephanie Chavez,2025-06-09,32.0,Burger,1,131.95,Net Banking,0
OID1456,Savannah Miller,2024-08-26,38.0,Pasta,3,198.02,Wallet,0
OID1457,Melissa Lawson,2025-05-04,29.0,Pizza,3,293.77,Cash,0
OID1458,Jeffrey Nguyen MD,2024-12-09,34.0,Burger,3,780.07,Wallet,0
OID1459,Robert Washington,2024-09-17,28.0,Pasta,4,331.94,Credit Card,0
OID1460,Jesse Contreras,2024-11-11,59.0,Pasta,3,437.43,UPI,1
OID1461,April Patterson,2025-03-03,40.0,Burger,3,237.27,Wallet,0
OID1462,Mrs. Cynthia Brooks DDS,2024-08-18,33.0,Sushi,2,527.55,Wallet,0
OID1463,Ashley Coleman,2025-01-25,42.0,Tacos,3,296.48,Wallet,1
OID1464,Taylor Ward,2024-10-15,38.0,Salad,2,244.89,Cash,1
OID1465,Rhonda Ray,2025-05-17,37.0,Biryani,1,461.6,Wallet,1
OID1466,Kelsey Warner,2024-08-29,46.0,Pasta,4,103.85,Credit Card,0
OID1467,Patrick Levine,2024-11-07,47.0,Salad,4,105.36,Cash,0
OID1468,Debra Barker,2025-01-25,34.0,Tacos,4,253.35,Net Banking,0
OID1469,Mr. John Smith III,2025-04-01,34.0,Biryani,3,125.7,Net Banking,1
OID1470,Julia Clark,2024-12-13,37.0,Salad,3,175.62,UPI,0
OID1471,Dustin Blevins,2024-06-12,,Pizza,5,337.2,Credit Card,1
OID1472,Allison Brown,2024-08-31,24.0,Biryani,3,661.81,Wallet,0
OID1473,Elizabeth Smith,2024-10-23,53.0,Tacos,3,500.43,Credit Card,1
OID1474,Jill Walker,2025-04-16,56.0,Salad,1,458.87,Net Banking,0
OID1475,Nicole Matthews,2024-08-21,37.0,Pasta,3,305.44,Wallet,0
OID1476,Kurt Morales,2024-07-08,45.0,Biryani,3,752.23,Credit Card,0
OID1477,Russell Washington,2025-01-26,43.0,Pizza,3,377.91,Cash,1
OID1478,Amy Ellis,2024-10-16,70.0,Burger,3,160.96,Wallet,1
OID1479,Richard Allen,2024-12-19,51.0,Pasta,3,531.95,Cash,0
OID1480,Michael Hall,2024-06-10,38.0,Pizza,4,179.69,Credit Card,0
OID1481,Nancy Williams,2025-01-08,30.0,Pizza,4,,Wallet,0
OID1482,Jillian Hernandez,2025-03-01,23.0,Biryani,4,455.19,UPI,1
OID1483,David Lee,2024-07-08,42.0,Salad,4,711.96,UPI,0
OID1484,Lisa Nixon,2024-06-12,32.0,Burger,,445.48,Net Banking,0
OID1485,Karla Buchanan,2024-12-29,25.0,Pasta,1,591.58,Wallet,0
OID1486,Steven Coleman,2025-04-08,33.0,Pasta,2,794.97,Credit Card,0
OID1487,Benjamin Cardenas,2025-03-05,29.0,Salad,1,192.04,UPI,1
OID1488,Christopher Black,2024-07-24,56.0,Burger,4,292.31,Net Banking,1
OID1489,Rachel Scott,2024-10-19,48.0,Biryani,5,376.2,Wallet,0
OID1490,Amanda Bailey,2024-06-12,39.0,Pasta,2,395.28,UPI,0
OID1491,Lauren Cummings,2025-01-04,,Burger,5,387.71,Wallet,1
OID1492,Joseph Griffin,2025-01-04,40.0,Biryani,1,735.33,Net Banking,1
OID1493,Dr. Ashlee Blankenship DVM,2025-06-03,31.0,Biryani,5,599.82,Credit Card,0
OID1494,Marcus Webb,2024-12-29,55.0,Tacos,3,525.53,Net Banking,1
OID1495,Michael Bond,2025-04-02,45.0,Pasta,2,316.56,Credit Card,1
OID1496,Anthony Hinton,2024-12-16,29.0,Salad,3,676.65,Cash,0
OID1497,Terri Cole,2025-05-19,38.0,Sushi,2,768.54,UPI,1
OID1498,Barbara Novak,2025-05-09,31.0,Pasta,2,674.84,Cash,1
OID1499,Joseph Johnston,2025-01-01,26.0,Tacos,3,101.1,Credit Card,0
OID1500,Sabrina Melton,2025-01-27,49.0,Pizza,4,545.48,Wallet,0
OID1501,Christian Weeks,2025-02-10,59.0,Pizza,3,135.79,Credit Card,1
OID1502,Tammy Harris,2024-10-04,26.0,Biryani,3,280.33,Credit Card,0
OID1503,James Lee,2024-12-16,45.0,Sushi,4,141.67,Wallet,1
OID1504,Craig Peters,2025-05-17,33.0,Tacos,4,522.66,Cash,0
OID1505,Ashley Shelton,2025-02-01,35.0,Pasta,2,580.61,UPI,1
OID1506,Christopher Garcia,2025-01-20,34.0,Pizza,3,180.14,Credit Card,0
OID1507,Ricardo Miles,2025-02-03,31.0,Pizza,2,368.69,Credit Card,1
OID1508,Kenneth Morse,2024-07-17,40.0,Pasta,2,419.37,UPI,1
OID1509,Matthew Johnson,2025-02-19,31.0,Tacos,4,358.34,Credit Card,1
OID1510,Timothy Salazar,2024-07-27,42.0,Burger,2,184.72,UPI,0
OID1511,Alyssa Rios,2025-06-03,39.0,Biryani,3,393.26,UPI,0
OID1512,John Lynch,2025-05-20,37.0,Pasta,4,625.82,UPI,1
OID1513,Peter Walker,2024-06-13,30.0,Burger,2,149.71,Wallet,1
OID1514,Jennifer Joseph,2025-05-06,34.0,Biryani,3,156.13,Cash,0
OID1515,Jody Curry,2025-05-30,47.0,Sushi,2,348.34,Cash,0
OID1516,Michelle Hall,2024-10-04,45.0,Salad,,759.21,Net Banking,0
OID1517,Jesse Calhoun,2025-04-24,30.0,Biryani,3,568.0,Wallet,0
OID1518,Mark Beck,2024-08-07,40.0,Sushi,4,575.07,Net Banking,0
OID1519,Jerry Green,2024-11-22,47.0,Salad,3,353.34,Cash,0
OID1520,Laura Henderson,2025-03-15,23.0,Pizza,1,515.56,Cash,1
OID1521,Denise Mcfarland,2024-12-28,45.0,Pizza,4,107.09,Cash,0
OID1522,David Velasquez,2025-03-06,33.0,Pizza,,545.27,Credit Card,1
OID1523,Linda Washington,2025-01-03,45.0,Biryani,4,739.3,Net Banking,0
OID1524,Michael Larson,2024-12-14,32.0,Burger,4,528.8,Wallet,0
OID1525,Gerald Hamilton,2025-03-22,21.0,Salad,5,711.59,Net Banking,1
OID1526,Frank Ruiz,2025-06-09,23.0,Pizza,2,606.78,Cash,1
OID1527,Matthew James,2025-01-19,40.0,Tacos,2,184.39,Wallet,0
OID1528,Jordan Hayes,2025-05-10,42.0,Pasta,4,731.72,Net Banking,1
OID1529,Timothy Davis,2024-06-14,30.0,Salad,3,146.51,Cash,1
OID1530,Clarence Meadows,2025-02-04,46.0,Salad,4,473.78,Cash,1
OID1531,Brett Wolfe,2024-08-16,23.0,Burger,5,199.5,Wallet,1
OID1532,Heather Raymond,2025-04-14,39.0,Sushi,3,108.19,UPI,0
OID1533,Sarah Mclaughlin,2024-11-02,27.0,Burger,2,395.42,Wallet,1
OID1534,Cody Yang,2024-08-15,33.0,Pizza,4,306.53,UPI,0
OID1535,Peter Shields,2024-10-09,40.0,Pasta,2,440.2,Credit Card,0
OID1536,Jesse King,2024-12-07,31.0,Pasta,4,504.04,Wallet,0
OID1537,Mrs. Angela Johnson,2024-08-14,36.0,Tacos,3,130.62,UPI,0
OID1538,Lisa Ballard,2024-12-31,50.0,Tacos,4,186.1,Net Banking,1
OID1539,Mitchell Meyer,2024-06-14,34.0,Pizza,1,491.05,Cash,1
OID1540,Laura Padilla,2025-04-04,48.0,Pasta,4,340.22,Credit Card,0
OID1541,Julie Lopez,2024-12-04,28.0,Burger,3,610.42,Wallet,0
OID1542,Mark Harris DDS,2024-11-19,45.0,Biryani,3,556.6,UPI,0
OID1543,Jessica Quinn,2025-05-14,54.0,Burger,2,691.92,Net Banking,0
OID1544,Hannah Hamilton,2024-08-23,15.0,Biryani,4,584.74,UPI,1
OID1545,Travis Smith,2025-01-10,32.0,Pizza,5,400.95,Wallet,0
OID1546,Andrew Gilbert,2025-01-27,45.0,Pasta,2,571.08,UPI,1
OID1547,Joseph White,2024-10-14,37.0,Tacos,1,292.77,Wallet,0
OID1548,Dawn Gordon,2024-12-25,43.0,Salad,1,314.42,UPI,0
OID1549,Timothy Taylor,2024-11-21,33.0,Tacos,4,652.29,Cash,0
OID1550,James Garza,2024-11-12,40.0,Sushi,4,412.49,Wallet,0
OID1551,Amy Holmes,2025-02-16,38.0,Salad,3,658.87,Wallet,1
OID1552,George Smith,2024-06-21,51.0,Biryani,2,,Credit Card,1
OID1553,Matthew Love,2024-08-21,42.0,Burger,3,700.29,Cash,1
OID1554,Nicholas Ramos,2025-03-30,43.0,Burger,3,741.64,Wallet,0
OID1555,Paige Miller,2025-02-23,35.0,Tacos,3,401.69,Net Banking,0
OID1556,Ms. Amber King,2025-01-06,35.0,Burger,,323.21,UPI,1
OID1557,Brianna Wright,2025-06-02,35.0,Tacos,2,507.54,Net Banking,1
OID1558,Christopher Newman,2025-01-12,43.0,Tacos,4,359.82,UPI,0
OID1559,Marc Case,2025-01-23,35.0,Burger,3,520.75,UPI,0
OID1560,Daniel Cooper,2025-05-28,42.0,Sushi,3,593.91,Credit Card,1
OID1561,Gloria Harris,2025-04-26,60.0,Pizza,4,581.88,Wallet,0
OID1562,Scott Frank,2025-04-13,48.0,Burger,4,362.19,UPI,0
OID1563,Emily Boyd,2024-10-30,36.0,Biryani,,216.8,Credit Card,1
OID1564,Tyler Taylor,2024-09-19,52.0,Pasta,2,401.37,Net Banking,0
OID1565,William Martinez,2024-10-21,35.0,Tacos,2,199.82,Credit Card,1
OID1566,Nathaniel Gonzalez,2025-05-22,19.0,Sushi,4,723.07,Net Banking,0
OID1567,Michael Caldwell,2024-12-06,29.0,Tacos,3,342.11,Wallet,1
OID1568,Jordan Daniels DDS,2024-10-15,21.0,Biryani,2,,UPI,0
OID1569,Taylor Gibbs,2025-01-14,36.0,Tacos,1,117.81,Cash,1
OID1570,Robert Thompson,2024-09-24,40.0,Biryani,1,552.08,Net Banking,1
OID1571,Anna Montgomery,2024-11-09,,Tacos,5,545.83,UPI,1
OID1572,Nicole Warren,2024-12-06,43.0,Burger,2,,Cash,1
OID1573,Alicia Alvarado,2025-05-05,37.0,Pasta,3,150.2,Cash,0
OID1574,Dr. Monica Hart PhD,2024-07-24,48.0,Burger,2,386.74,Net Banking,0
OID1575,Robin Chambers,2025-05-23,17.0,Tacos,3,317.85,UPI,1
OID1576,Bryan Palmer,2024-12-09,42.0,Biryani,1,573.98,Cash,0
OID1577,Travis Fletcher,2024-12-20,47.0,Pizza,3,524.05,Credit Card,0
OID1578,Mark Hardy,2025-05-13,25.0,Sushi,1,355.22,Credit Card,0
OID1579,Adam Cruz,2025-05-25,51.0,Tacos,4,252.52,UPI,0
OID1580,Carol Welch,2025-03-13,43.0,Pizza,2,791.63,Wallet,0
OID1581,Ray Bowers,2025-02-25,35.0,Tacos,3,417.8,Credit Card,1
OID1582,Alexander Alexander,2024-08-20,46.0,Sushi,5,581.79,Net Banking,1
OID1583,Thomas Shields,2024-06-29,62.0,Burger,4,198.39,UPI,1
OID1584,Samantha Acosta,2024-10-30,41.0,Burger,3,439.91,Cash,1
OID1585,Mr. Brett Walker,2024-12-05,42.0,Tacos,3,119.28,Credit Card,0
OID1586,Alicia Cooper,2025-01-05,35.0,Sushi,3,453.82,UPI,0
OID1587,Vincent Williams,2024-06-15,31.0,Pasta,4,774.81,UPI,1
OID1588,Cody Griffith,2024-10-14,48.0,Pasta,,,Wallet,0
OID1589,Robert Rodriguez,2024-10-12,31.0,Tacos,4,127.3,Cash,0
OID1590,Sheena James,2025-01-06,40.0,Tacos,3,121.67,Cash,1
OID1591,Amber Watson,2025-06-10,35.0,Tacos,4,371.59,Cash,0
OID1592,Jack Francis,2024-11-07,44.0,Burger,3,212.02,Net Banking,1
OID1593,Megan Johnson,2024-08-01,43.0,Burger,1,116.35,UPI,1
OID1594,William Hernandez,2024-06-11,50.0,Pizza,3,629.35,Net Banking,0
OID1595,Dustin Miller,2024-10-21,34.0,Biryani,,420.97,Net Banking,0
OID1596,Ashley Henderson,2024-10-29,37.0,Burger,2,302.47,UPI,1
OID1597,Russell Schmidt,2025-01-09,30.0,Sushi,4,730.06,Cash,1
OID1598,Jamie Jenkins,2024-07-24,35.0,Pasta,2,181.3,UPI,0
OID1599,Michael Gibson,2024-12-30,43.0,Pasta,3,769.14,Wallet,1
OID1600,Tyler Simon,2025-04-01,47.0,Tacos,1,319.78,UPI,1
OID1601,Diana Nichols,2024-12-25,,Pizza,3,721.88,UPI,1
OID1602,Lauren Warner,2025-03-03,48.0,Tacos,4,522.06,Credit Card,0
OID1603,Wanda Spence,2024-11-09,53.0,Pasta,3,678.7,Wallet,1
OID1604,Kelly Banks,2024-06-22,44.0,Pasta,4,788.81,Credit Card,0
OID1605,Amber Vargas,2024-11-04,58.0,Biryani,4,301.88,Cash,1
OID1606,Theresa Wolfe,2025-05-20,,Salad,5,772.79,Cash,0
OID1607,Julia Hoffman,2025-04-24,27.0,Sushi,2,372.64,Wallet,1
OID1608,Ashley Silva,2025-01-15,22.0,Biryani,3,369.86,Net Banking,0
OID1609,Jeff Robinson,2025-03-24,54.0,Tacos,2,338.27,UPI,0
OID1610,Tyler Watson,2024-09-28,46.0,Salad,,478.99,Credit Card,0
OID1611,Mr. Raymond Johnson DVM,2025-01-14,39.0,Pasta,5,207.9,Wallet,1
OID1612,Jeremy Nguyen,2025-04-21,42.0,Pizza,3,487.6,Credit Card,1
OID1613,Mr. David Young,2024-07-31,28.0,Pizza,4,479.19,UPI,1
OID1614,Kevin Kirby,2024-06-16,64.0,Pasta,3,633.33,Net Banking,0
OID1615,Russell Shepard,2025-04-16,41.0,Burger,4,683.55,Credit Card,1
OID1616,Matthew Mcdaniel,2024-09-28,41.0,Salad,1,408.31,Wallet,0
OID1617,Luis Roberts,2025-04-12,47.0,Pasta,4,311.63,UPI,1
OID1618,Carolyn Hoffman,2024-10-01,44.0,Pizza,2,,UPI,0
OID1619,Mary Reese,2025-03-06,42.0,Pizza,4,236.24,Net Banking,0
OID1620,Robert Hooper,2025-03-12,32.0,Salad,4,140.35,Wallet,0
OID1621,Brian White,2024-09-12,44.0,Sushi,4,339.71,UPI,1
OID1622,Audrey Caldwell,2024-08-05,58.0,Pasta,1,289.17,Credit Card,1
OID1623,Holly Ruiz,2025-01-24,53.0,Biryani,3,776.49,Cash,1
OID1624,Michael Hawkins,2025-03-12,55.0,Tacos,2,490.4,Wallet,0
OID1625,Matthew Bray,2025-05-01,34.0,Pasta,3,343.09,Credit Card,0
OID1626,Sandra Allen,2024-10-23,30.0,Sushi,1,506.33,Net Banking,1
OID1627,Mary Ramirez,2024-09-18,38.0,Salad,5,197.44,Net Banking,1
OID1628,Angie Baxter,2025-05-09,40.0,Salad,3,410.83,UPI,1
OID1629,Seth Mahoney,2024-09-18,50.0,Pizza,3,538.36,Net Banking,0
OID1630,Kathy Garza,2024-12-31,23.0,Sushi,3,442.23,Cash,0
OID1631,Michele Miller,2025-03-05,55.0,Salad,3,381.25,Credit Card,0
OID1632,Catherine Mathis,2025-02-24,38.0,Burger,4,795.69,Wallet,0
OID1633,Julie Christensen,2025-05-07,35.0,Pasta,3,716.22,UPI,0
OID1634,Janet Perez,2024-06-21,29.0,Pizza,5,536.38,Wallet,1
OID1635,Richard Jennings,2025-03-11,23.0,Biryani,3,498.56,Credit Card,0
OID1636,Benjamin Wolfe,2025-02-25,48.0,Sushi,,534.46,Cash,0
OID1637,Seth Harding,2024-11-19,40.0,Pizza,5,240.92,Credit Card,0
OID1638,Kyle Adkins,2024-08-23,27.0,Salad,2,376.6,Credit Card,0
OID1639,Matthew Roy,2025-05-31,27.0,Tacos,5,127.62,UPI,0
OID1640,Gary Kelly DVM,2024-11-22,36.0,Salad,2,432.88,Wallet,1
OID1641,Catherine Hernandez,2025-01-25,56.0,Biryani,4,480.12,Credit Card,0
OID1642,Jeffrey Benitez,2025-04-18,37.0,Biryani,3,259.42,Credit Card,0
OID1643,Lori Knapp,2024-09-06,24.0,Biryani,5,774.82,Cash,0
OID1644,Alexandria Beltran,2024-09-23,37.0,Biryani,5,736.62,Net Banking,1
OID1645,Bonnie Hoover,2025-03-13,,Biryani,4,605.5,Cash,1
OID1646,Joseph Fisher,2024-11-24,13.0,Burger,4,473.37,Wallet,1
OID1647,Ariana Neal,2024-11-18,39.0,Pasta,3,708.98,Wallet,0
OID1648,Michael Jackson,2024-07-02,37.0,Sushi,1,191.46,UPI,1
OID1649,Timothy Vasquez,2025-04-02,46.0,Pizza,3,653.36,Net Banking,0
OID1650,Michael Rangel,2024-09-29,58.0,Biryani,2,187.37,Wallet,0
OID1651,Nathan Hernandez,2024-09-21,51.0,Pasta,4,655.95,Net Banking,1
OID1652,Jeffrey Mcdonald,2024-07-10,37.0,Salad,3,293.04,Cash,0
OID1653,Tyler Reeves,2024-09-12,28.0,Pasta,,713.96,Wallet,0
OID1654,Jason Fitzpatrick,2025-06-03,65.0,Biryani,4,760.83,Credit Card,0
OID1655,Kristin Hopkins,2025-03-28,40.0,Tacos,4,204.16,Wallet,1
OID1656,Whitney Thompson,2025-03-27,40.0,Pizza,2,423.87,Net Banking,0
OID1657,Brian Snyder,2025-04-08,39.0,Biryani,5,,Wallet,0
OID1658,Jason Shah,2025-05-25,41.0,Pasta,5,438.39,UPI,1
OID1659,John Wright,2024-09-08,38.0,Salad,3,704.48,Credit Card,0
OID1660,Robert Marshall,2024-08-01,34.0,Pasta,4,512.11,UPI,0
OID1661,Shawn Jones,2024-09-15,34.0,Biryani,4,362.73,Cash,1
OID1662,Kristi Jones,2024-08-13,39.0,Sushi,2,300.05,Wallet,0
OID1663,Alexandra Brown,2025-03-08,34.0,Pasta,3,242.26,Wallet,0
OID1664,Rodney Crawford,2025-01-17,32.0,Sushi,3,633.26,Cash,0
OID1665,Anthony Jenkins,2024-10-23,41.0,Biryani,2,370.58,UPI,0
OID1666,Linda Turner,2024-08-04,37.0,Pasta,3,457.89,Credit Card,0
OID1667,Alexandra Shah,2024-08-08,55.0,Salad,1,444.63,UPI,1
OID1668,Anthony Farrell,2025-02-21,13.0,Burger,1,504.1,Net Banking,1
OID1669,Kevin Jones,2025-05-26,50.0,Burger,2,705.9,UPI,1
OID1670,Charlene Gray,2024-11-04,52.0,Sushi,,786.52,Credit Card,1
OID1671,Deborah Thompson,2025-04-20,19.0,Biryani,3,385.31,Wallet,0
OID1672,Anna Romero,2024-09-05,36.0,Sushi,,679.26,UPI,0
OID1673,Richard Nelson,2024-11-24,36.0,Biryani,3,635.17,Cash,0
OID1674,David Orr,2025-02-23,,Biryani,3,501.47,Credit Card,0
OID1675,John Cline,2024-12-16,32.0,Burger,3,769.23,Wallet,0
OID1676,Mary Luna,2025-01-25,28.0,Salad,3,240.33,Credit Card,1
OID1677,Dr. Jose Jensen,2025-06-07,57.0,Salad,2,176.48,Cash,1
OID1678,Brian Brown,2025-01-26,49.0,Pasta,4,697.77,Net Banking,0
OID1679,Tammy Carroll,2025-06-02,52.0,Sushi,2,407.4,Credit Card,0
OID1680,Patricia Willis,2025-03-14,47.0,Salad,4,692.88,Credit Card,0
OID1681,Sara Cole,2024-09-29,28.0,Tacos,4,725.16,UPI,1
OID1682,Eric Rodriguez,2025-03-27,34.0,Pizza,2,143.72,Cash,0
OID1683,Stephen Hampton,2024-08-08,44.0,Pasta,1,718.43,Cash,0
OID1684,William Hoffman,2025-03-30,27.0,Pasta,4,413.82,Net Banking,0
OID1685,Patricia Buck,2025-03-12,47.0,Burger,3,457.3,Cash,1
OID1686,Sheri Stone,2025-01-08,37.0,Sushi,1,538.61,Credit Card,0
OID1687,Barbara Acosta,2025-03-10,36.0,Tacos,,748.47,Net Banking,1
OID1688,Adriana Rodriguez,2025-04-10,47.0,Salad,1,113.38,Cash,1
OID1689,James Arroyo,2025-04-17,44.0,Salad,4,433.79,Net Banking,1
OID1690,Jessica Goodman,2025-05-02,36.0,Biryani,,581.41,Cash,1
OID1691,Judy Olson,2024-10-06,51.0,Pasta,2,605.89,Cash,1
OID1692,Andrew Paul,2025-04-03,29.0,Sushi,2,584.77,UPI,1
OID1693,Lee Stevens,2024-06-22,46.0,Sushi,2,194.1,Cash,0
OID1694,Christopher Campbell,2025-02-23,45.0,Sushi,3,309.58,Net Banking,0
OID1695,Benjamin Tate,2024-12-22,36.0,Biryani,2,351.1,Credit Card,0
OID1696,Laura Miles,2025-05-16,43.0,Burger,4,663.11,UPI,1
OID1697,Rachel Cox,2024-07-06,27.0,Salad,1,295.13,Cash,0
OID1698,Donald Moore,2024-11-07,49.0,Sushi,3,247.49,Cash,1
OID1699,Brittany King,2024-11-03,38.0,Tacos,,770.21,Net Banking,1
OID1700,Brooke King,2024-08-03,34.0,Tacos,4,106.2,UPI,1
OID1701,Tricia Reynolds,2024-06-15,50.0,Biryani,4,798.47,Cash,0
OID1702,Jay Barnes,2024-11-04,32.0,Burger,3,573.77,Credit Card,1
OID1703,Ryan Peters,2025-03-03,25.0,Biryani,4,679.93,Credit Card,1
OID1704,Daniel Mathis,2024-07-06,24.0,Pizza,3,306.23,Cash,0
OID1705,Martha Freeman DVM,2025-05-06,46.0,Pasta,3,110.02,Credit Card,0
OID1706,Debra Hodge,2024-08-21,27.0,Salad,2,616.51,UPI,1
OID1707,Jill Pollard,2024-06-16,57.0,Biryani,5,683.9,Cash,1
OID1708,Tammy Petty,2024-10-19,19.0,Biryani,3,618.33,Net Banking,0
OID1709,Darin Dodson,2024-10-28,56.0,Salad,2,200.0,UPI,0
OID1710,Christopher Armstrong,2024-10-24,42.0,Pasta,3,627.4,Credit Card,0
OID1711,Arthur Ramirez,2024-09-23,39.0,Pizza,3,638.25,Cash,1
OID1712,Nathan Stevens,2024-10-18,34.0,Tacos,4,560.98,UPI,0
OID1713,Kent Miller,2024-12-28,43.0,Tacos,4,636.28,Credit Card,0
OID1714,Jason Williams MD,2025-02-27,39.0,Burger,4,692.15,Cash,0
OID1715,Emily Johnson,2025-04-27,51.0,Biryani,1,529.52,Wallet,1
OID1716,Wendy Byrd,2024-06-30,41.0,Pasta,3,162.02,Net Banking,0
OID1717,William Hanna,2025-04-16,41.0,Burger,3,441.34,Credit Card,0
OID1718,Anne Wilson,2025-05-24,36.0,Tacos,1,154.35,Credit Card,0
OID1719,Brent Thompson,2024-07-02,,Burger,2,385.28,Wallet,0
OID1720,Emily Owens,2024-09-02,43.0,Burger,4,384.97,Wallet,0
OID1721,Laura Williams,2025-03-14,22.0,Pizza,2,146.21,UPI,1
OID1722,Sean Johnson,2025-02-26,26.0,Pizza,3,344.17,Net Banking,1
OID1723,Christopher Phelps,2024-09-15,47.0,Burger,2,177.7,Net Banking,1
OID1724,Anna Stanley,2025-02-28,41.0,Sushi,1,665.76,Credit Card,0
OID1725,Stephanie Jenkins,2025-02-18,38.0,Salad,2,763.38,Wallet,1
OID1726,Logan Lewis,2024-11-28,40.0,Tacos,,150.62,Net Banking,1
OID1727,Tiffany Ryan,2025-04-19,43.0,Tacos,4,768.58,Cash,1
OID1728,Amanda Garcia,2024-08-14,34.0,Pizza,,465.8,Net Banking,0
OID1729,Maurice Farmer,2024-08-09,32.0,Sushi,3,309.7,Credit Card,0
OID1730,Alvin Glover,2024-09-22,41.0,Sushi,2,153.8,Net Banking,1
OID1731,Brittany Harris,2025-05-14,30.0,Biryani,3,450.44,UPI,1
OID1732,William Davis,2025-02-05,44.0,Salad,3,656.16,Wallet,0
OID1733,Tyler Smith,2024-11-18,22.0,Burger,4,594.96,Credit Card,0
OID1734,Michael Martinez,2025-03-09,50.0,Biryani,1,135.16,Credit Card,1
OID1735,Denise Perkins,2025-01-07,44.0,Biryani,3,151.03,Wallet,0
OID1736,Tammy Caldwell,2024-06-27,42.0,Sushi,2,382.01,Wallet,1
OID1737,Kimberly Proctor,2025-03-11,49.0,Sushi,3,306.7,Wallet,0
OID1738,Alyssa Ferrell,2025-04-04,56.0,Sushi,4,262.67,Credit Card,1
OID1739,Timothy Contreras,2024-08-24,50.0,Burger,3,296.7,Wallet,1
OID1740,Tara Knight,2025-03-27,21.0,Burger,3,662.44,Wallet,0
OID1741,Whitney Thomas,2024-07-02,27.0,Biryani,3,750.46,Credit Card,1
OID1742,Deborah Jordan,2025-04-05,33.0,Biryani,3,383.57,Credit Card,1
OID1743,Crystal Romero,2024-07-20,40.0,Pizza,4,734.28,UPI,1
OID1744,Darrell Johnston,2024-06-19,45.0,Tacos,5,325.05,Net Banking,0
OID1745,Marcus Garcia,2025-05-31,32.0,Tacos,,433.51,Cash,0
OID1746,Heather Kelley,2025-06-10,41.0,Tacos,4,,Credit Card,0
OID1747,Mrs. Lisa Morales DDS,2024-06-13,32.0,Pizza,3,548.33,Cash,1
OID1748,Lindsey Oneill,2025-01-19,33.0,Tacos,4,785.29,UPI,0
OID1749,Jessica Juarez,2025-05-21,25.0,Sushi,3,522.45,Net Banking,1
OID1750,Cynthia White,2025-03-13,30.0,Burger,2,350.47,Net Banking,1
OID1751,Amanda Mejia,2024-06-19,26.0,Burger,4,553.47,Net Banking,0
OID1752,Erin Vega,2024-10-16,30.0,Tacos,1,186.04,UPI,0
OID1753,Cesar Nelson,2025-04-26,50.0,Biryani,5,722.06,Wallet,1
OID1754,Christopher Lane,2025-02-21,30.0,Salad,3,452.16,Net Banking,1
OID1755,Elizabeth Young,2024-07-31,66.0,Sushi,4,414.54,Net Banking,0
OID1756,Joseph Smith,2025-04-14,44.0,Pizza,4,510.11,UPI,0
OID1757,Carlos Green,2025-04-20,41.0,Salad,5,537.35,Wallet,0
OID1758,Steven Thompson,2024-10-29,31.0,Burger,4,150.24,Net Banking,1
OID1759,Darius Stokes,2024-07-14,47.0,Tacos,4,577.83,Net Banking,1
OID1760,Marie Smith,2024-12-17,34.0,Pizza,1,269.35,Wallet,1
OID1761,Jacqueline Ross,2025-05-30,41.0,Sushi,3,599.77,Credit Card,1
OID1762,John Joseph,2024-10-02,65.0,Burger,2,675.77,Credit Card,1
OID1763,Kimberly Miller,2025-03-02,39.0,Tacos,4,662.77,Net Banking,0
OID1764,Luke Phillips,2024-09-23,51.0,Sushi,3,486.75,Cash,0
OID1765,Luis Green,2025-04-21,,Biryani,4,464.12,Wallet,1
OID1766,Margaret Richard,2024-12-06,39.0,Salad,1,200.01,Wallet,1
OID1767,Andrea Carter,2024-08-09,57.0,Salad,1,642.74,Cash,0
OID1768,Crystal Ortega,2024-06-28,33.0,Salad,4,289.99,Wallet,0
OID1769,Garrett Casey,2025-02-01,58.0,Pasta,1,447.69,UPI,0
OID1770,Renee Evans,2024-12-20,47.0,Tacos,1,298.99,Wallet,0
OID1771,Nicholas Ochoa,2024-07-29,34.0,Sushi,1,193.68,Wallet,1
OID1772,Kimberly Watson,2025-03-29,46.0,Salad,,540.69,Wallet,0
OID1773,Vincent Harper,2024-10-02,49.0,Tacos,4,138.03,Credit Card,1
OID1774,Heather Mahoney,2024-10-30,46.0,Biryani,3,624.05,UPI,0
OID1775,Dr. Daniel Jacobs,2024-07-25,24.0,Salad,2,322.31,Wallet,0
OID1776,Gary Clark,2025-03-08,32.0,Sushi,3,100.09,UPI,0
OID1777,Michael Anderson,2024-12-07,37.0,Tacos,4,457.79,UPI,1
OID1778,Rachel Mccarthy,2025-04-01,39.0,Salad,4,132.8,UPI,1
OID1779,Steve Foster,2024-09-14,46.0,Sushi,2,293.32,Cash,0
OID1780,Andrew Young,2025-05-03,41.0,Burger,2,594.88,Wallet,1
OID1781,Amanda Roberts,2025-04-17,26.0,Biryani,1,143.88,Credit Card,1
OID1782,Jennifer Fowler,2024-12-12,43.0,Tacos,4,687.54,Credit Card,0
OID1783,Heidi Clark,2024-08-11,46.0,Sushi,4,102.67,Credit Card,0
OID1784,Kenneth Warner,2024-12-27,45.0,Sushi,2,272.78,Credit Card,1
OID1785,Haley Mcneil,2024-07-09,50.0,Pasta,1,618.63,Wallet,1
OID1786,Scott Cole,2024-09-24,48.0,Tacos,1,321.39,Credit Card,1
OID1787,Earl Garcia,2025-01-19,44.0,Burger,,171.32,UPI,0
OID1788,Nicholas Yang,2025-01-11,39.0,Tacos,2,352.16,Cash,0
OID1789,Joseph Carroll,2024-06-11,23.0,Biryani,4,289.28,Net Banking,1
OID1790,Charlene Orozco,2025-05-26,44.0,Pasta,4,,Credit Card,0
OID1791,Jamie Washington,2025-05-31,42.0,Tacos,3,319.34,Net Banking,0
OID1792,Mary Hunt,2025-02-22,42.0,Tacos,2,652.25,Net Banking,1
OID1793,Michael Booker,2024-10-20,27.0,Salad,2,724.31,Net Banking,1
OID1794,Kimberly Keller,2024-11-24,29.0,Sushi,4,403.67,UPI,0
OID1795,Brian Bennett,2024-09-03,50.0,Biryani,4,736.96,Credit Card,0
OID1796,Tom Walters,2025-01-06,39.0,Burger,4,364.12,Wallet,1
OID1797,Barry Singh,2025-04-10,46.0,Pasta,3,774.85,UPI,0
OID1798,Matthew Holt,2024-10-28,40.0,Sushi,1,162.5,Wallet,0
OID1799,Wendy Morgan,2024-10-08,40.0,Pizza,,580.91,Credit Card,1
OID1768,Crystal Ortega,2024-06-28,33.0,Salad,4,289.99,Wallet,0
OID1602,Lauren Warner,2025-03-03,48.0,Tacos,4,522.06,Credit Card,0
OID1508,Kenneth Morse,2024-07-17,40.0,Pasta,2,419.37,UPI,1
OID1503,James Lee,2024-12-16,45.0,Sushi,4,141.67,Wallet,1
OID1276,Dr. Deborah Farrell DDS,2025-04-05,41.0,Salad,4,655.28,Net Banking,0
OID1461,April Patterson,2025-03-03,40.0,Burger,3,237.27,Wallet,0
OID1504,Craig Peters,2025-05-17,33.0,Tacos,4,522.66,Cash,0
OID1534,Cody Yang,2024-08-15,33.0,Pizza,4,306.53,UPI,0
OID1720,Emily Owens,2024-09-02,43.0,Burger,4,384.97,Wallet,0
OID1642,Jeffrey Benitez,2025-04-18,37.0,Biryani,3,259.42,Credit Card,0
